Program,Publisher(s),Developer(s),Oct-80,Oct-802,Nov-80,Nov-802,Dec-80,Dec-802,Jan-81,Jan-82,Feb-81,Feb-812,Mar-81,Mar-812,Apr-81,Apr-812,May-81,May-812,Jun-81,Jun-812,Jul-81,Jul-812,Aug-81,Aug-812,Sep-81,Sep-812,Oct-81,Oct-812,Nov-81,Nov-812,Dec-81,Dec-812,Jan-823,Jan-822,Feb-82,Feb-822,Mar-82,Mar-822,Apr-82,Apr-822,May-82,May-822,Jun-82,Jun-822,Jul-82,Jul-822,Aug-82,Aug-822,Sep-82,Sep-822,Oct-82,Oct-822,Nov-82,Nov-822,Dec-82,Dec-822,Jan-83,Jan-832,Feb-83,Feb-832,Mar-83,Mar-832,Apr-83,Apr-832,May-83,May-832,Jun-83,Jun-832,Jul-83,Jul-832,Aug-83,Aug-832,Sep-83,Sep-832,Oct-83,Oct-832,Nov-83,Nov-832,Dec-83,Dec-832,Jan-84,Jan-842,Feb-84,Feb-842,Mar-84,Mar-842,Apr-84,Apr-842,May-84,May-842,Jun-84,Jun-842,Jul-84,Jul-842,Aug-84,Aug-842
"3-Pack (Datesones of Ryn, Morloc's Tower, Rescue at Rigel)",Automated Simulations,Epyx,,,,,,,,,,,,,,,12.89,29,,,,,,,,,,,,,,,,,,,,,,,,,,,,,,,,,,,,,,,,,,,,,,,,,,,,,,,,,,,,,,,,,,,,,,,,,,,,,,
A2-PB1 Pinball: Night Mission,SubLogic,Bruce Artwick,,,,,,,,,,,,,,,,,,,,,,,,,,,,,,,,,,,,,,,,,46.86,9,58.63,5,35.2,13,38.09,12,,,18.77,26,,,,,,,,,,,,,,,,,,,,,,,,,,,,,,,,,,,,,,,,,,
ABM,MUSE,Silas Warner,,,,,,,,,23.15,20,40.43,4,35.03,5,28.07,15,29.66,13,19.11,22,,,,,,,,,,,,,,,,,,,,,,,,,,,,,,,,,,,,,,,,,,,,,,,,,,,,,,,,,,,,,,,,,,,,,,,,,,
Accounting Plus,Systems Plus,Software Dimensions,,,,,,,,,,,,,,,,,,,,,,,,,,,,,,,,,,,,,,,,,,,,,,,,,,,,,14.43,25,,,,,,,,,,,,,,,,,,,,,,,,,,,,,,,,,,,,,,,,
Adventure,Microsoft,"Gordon Letwin, Software Associates",60.62,6,20.5,21,16.97,25,25.81,22,19.59,21,11.11,29,18.8,20,14.03,28,,,,,,,,,,,,,,,,,,,,,,,,,,,,,,,,,,,,,,,,,,,,,,,,,,,,,,,,,,,,,,,,,,,,,,,,,,,,,,
Adventure 10: Savage Island,Adventure International,Scott Adams,,,,,,,,,,,19.86,12,20.65,15,30.94,14,,,,,,,,,,,,,,,,,,,,,,,,,,,,,,,,,,,,,,,,,,,,,,,,,,,,,,,,,,,,,,,,,,,,,,,,,,,,,,
Akalabeth,California Pacific,Lord British,,,,,,,22.12,23,,,,,12.9,26,,,,,,,,,,,,,,,,,,,,,,,,,,,,,,,,,,,,,,,,,,,,,,,,,,,,,,,,,,,,,,,,,,,,,,,,,,,,,,,,
Alien Rain (Apple Galaxian),Broderbund Software,Tony Suzuki,,,,,,,,,97.22,1,99.06,1,91.81,1,63.31,3,51.69,6,39.71,9,24.2,10,36.4,20,,,,,,,,,,,,,,,,,,,,,,,,,,,,,,,,,,,,,,,,,,,,,,,,,,,,,,,,,,,,,,,,,,,,,,
Alien Typhoon,Broderbund Software,Tony Suzuki,,,,,,,,,,,,,,,,,18.5,24,23.59,18,,,,,,,,,,,,,,,,,,,,,,,,,,,,,,,,,,,,,,,,,,,,,,,,,,,,,,,,,,,,,,,,,,,,,,,,,,
Apple Adventure,Apple Computer,uncredited,,,,,,,16.6,29,,,,,,,,,,,,,,,,,,,,,,,,,,,,,,,,,,,,,,,,,,,,,,,,,,,,,,,,,,,,,,,,,,,,,,,,,,,,,,,,,,,,,,
Apple Logo,Apple Computer,Logo Computer Systems,,,,,,,,,,,,,,,,,,,,,,,,,,,,,,,,,,,,,,,,,,,,,,,,,,,,,16.35,23,,,,,,,,,,,16.88,25,17.44,29,22.32,15,23.28,20,25.96,15,25.81,16,33.33,17,31.07,18,29.1,17,43.12,13,66.97,6,34.89,17,26.71,16,17.98,22,,
Apple Mechanic,Beagle Brothers,Bert Kersey,,,,,,,,,,,,,,,,,,,,,,,,,,,,,,,,,,,,,,,,,,,,,,,,,,,,,,,,,,,,,,,,,,,21.92,18,12.09,26,23.89,18,,,,,20.51,25,,,,,,,,,,,,,,,,
Apple Mechanic Typefaces,Beagle Brothers,Bert Kersey,,,,,,,,,,,,,,,,,,,,,,,,,,,,,,,,,,,,,,,,,,,,,,,,,,,,,,,,,,,,,,,,,,,,,,,13.17,30,,,,,,,,,,,,,,,,,,,,,,
Apple Panic,Broderbund Software,Ben Serki,,,,,,,,,,,,,,,,,,,,,,,64.83,7,55,5,27.34,3,27.66,5,62.15,5,43.81,18,54.13,11,27.88,18,44.54,12,36.1,15,18.15,22,22.07,26,,,,,,,,,,,,,,,,,,,,,,,,,,,,,,,,,,,,,,,,,,,,,,,,
Apple Pascal,Apple Computer,uncredited,,,,,,,,,,,,,,,,,,,,,,,,,,,,,,,,,,,,,,,,,,,,,,,,,,,,,,,,,,,,,,,,,,,,,,,,,,,17.63,29,,,,,,,,,,,,,,,,,,
Apple PIE,Programma,Tom Crossley,,,,,,,,,,,,,,,15.75,22,14.69,30,,,,,,,,,,,,,,,,,,,,,,,,,,,,,,,,,,,,,,,,,,,,,,,,,,,,,,,,,,,,,,,,,,,,,,,,,,,,
Apple Plot,Apple Computer,uncredited,22.5,29,61,5,30.96,10,39.45,9,30.97,13,19.15,13,37.24,4,16.33,21,23.79,17,,,,,,,,,,,,,,,,,,,,,,,,,,,,,,,,,,,,,,,,,,,,,,,,,,,,,,,,,,,,,,,,,,,,,,,,,,,,
Apple Speller,Sensible Software,uncredited,,,,,,,,,,,,,,,,,,,,,,,,,,,,,,,,,,,,,,,,,,,,,21.51,27,,,,,,,,,,,,,,,,,,,,,,,,,,,,,,,,,,,,,,,,,,,,,,,,
Apple Writer,Apple Computer,uncredited,31.88,22,18.97,27,,,26.17,21,15.31,30,,,,,20.05,18,22.03,19,,,14.81,24,,,22.87,16,18.29,9,26.07,8,38.2,13,54.67,10,46.82,14,20.24,30,,,,,,,,,,,,,,,,,,,,,,,,,,,,,,,,,,,,,,,,,,,,,,,,,,,,,,,,
Apple Writer II,Apple Computer,Paul Lutus,,,,,,,,,,,,,,,,,,,,,,,,,,,,,,,,,,,,,,,,,59.01,6,48.81,9,32.96,15,64.15,8,85.18,6,67.86,4,74.06,6,34.09,10,30.67,17,40.39,12,199.87,1,162.08,1,,,,,,,,,,,,,,,,,,,,,,,,,,,,,,
Apple Writer IIe,Apple Computer,Paul Lutus,,,,,,,,,,,,,,,,,,,,,,,,,,,,,,,,,,,,,,,,,,,,,,,,,,,,,,,,,,,44.62,11,,,,,192.24,1,182.36,1,167.91,1,191.47,1,193.23,1,160.47,1,176.05,1,177.36,1,116.96,1,109.71,1,144.57,1,176.36,1,64.99,4,38.05,5,72.15,4
Apple-Doc,Southwestern Data Systems,uncredited,24.06,27,,,,,,,,,,,,,,,,,,,,,,,,,,,,,,,,,,,,,,,,,,,,,,,,,,,,,,,,,,,,,,,,,,,,,,,,,,,,,,,,,,,,,,,,,,,,
AppleWorks,Apple Computer,Rupert Lissner,,,,,,,,,,,,,,,,,,,,,,,,,,,,,,,,,,,,,,,,,,,,,,,,,,,,,,,,,,,,,,,,,,,,,,,,,,,,,,,,,,,,,,,,,86.92,2,145.99,1,144.83,1
AppleWriter II Pre-Boot Disk,Videx,"Kevin Armstrong, Mark Borgerson",,,,,,,,,,,,,,,,,,,,,,,,,,,,,,,,,,,,,,,,,,,,,,,,,,,,,,,,,30.67,18,,,,,,,,,,,,,,,,,,,,,,,,,,,,,,,,,,,,
Arcademic Skill Builders in Math,DLM,"Bill Maxwell, Jerry Chaffin",,,,,,,,,,,,,,,,,,,,,,,,,,,,,,,,,,,,,,,,,,,,,,,,,,,,,,,,,,,,,,,,,,,,,,,,,14.16,29,,,,,,,,,,,,,,,,,,,,
ASCII Express: The Professional,Southwestern Data Systems,"Bill Blue, Mark Robbins",,,,,,,,,,,,,,,,,,,,,,,,,,,,,,,,,,,,,,,,,,,,,,,,,,,,,,,,,,,,,,,,,,,,,14.41,22,18.38,24,16.52,22,,,16.66,30,,,,,,,,,,,18.74,28,18.59,20,,
Asteroid Field,Cavalier Software,"Barry Printz, Jim Nitchals, Richard Moore",,,,,,,,,,,,,,,12.03,30,18.5,24,,,14.81,24,25.59,27,,,,,,,,,,,,,,,,,,,,,,,,,,,,,,,,,,,,,,,,,,,,,,,,,,,,,,,,,,,,,,,,,,,,,,
Asteroids in Space,Quality Software,Bruce Wallace,33.75,20,55.36,6,37.21,7,36.13,12,31.69,12,,,,,,,,,,,,,,,,,,,,,,,,,,,,,,,,,,,,,,,,,,,,,,,,,,,,,,,,,,,,,,,,,,,,,,,,,,,,,,,,,,,,
Autobahn,Sirius Software,Nasir,,,,,,,,,,,,,,,,,,,23.88,17,20.74,15,,,,,,,,,,,,,,,,,,,,,,,,,,,,,,,,,,,,,,,,,,,,,,,,,,,,,,,,,,,,,,,,,,,,,,,,
Aztec,DataMost,Paul Stephenson,,,,,,,,,,,,,,,,,,,,,,,,,,,,,,,,,,,,,,,,,,,,,,,,,,,,,,,25.48,15,35.2,12,49.79,9,24.52,14,32.68,13,24.44,15,17.44,29,,,,,,,,,,,,,,,,,,,,,,,,,,
B-1 Nuclear Bomber,Avalon Hill,uncredited,,,21.02,20,,,,,,,,,,,,,,,,,,,,,,,,,,,,,,,,,,,,,,,,,,,,,,,,,,,,,,,,,,,,,,,,,,,,,,,,,,,,,,,,,,,,,,,,,,
Bag of Tricks,Quality Software,"Don Worth, Pieter Lechner",,,,,,,,,,,,,,,,,,,,,,,,,,,,,,,,,,,,,,,,,31.93,17,22.02,18,43.58,10,24.1,21,,,,,,,18.25,23,,,,,,,,,,,,,,,,,14.5,27,18.49,26,,,,,,,,,,,,,,,,,,
Bandits,Sirius Software,"Benny Ngo, Tony Ngo",,,,,,,,,,,,,,,,,,,,,,,,,,,,,,,,,,,,,,,,,,,,,37.15,11,25.65,20,21.09,21,,,,,,,,,,,,,,,,,,,,,,,,,,,,,,,,,,,,,,,,,,,,
Bank Street Speller,Broderbund Software,"Bank Street College of Education, Sensible Software",,,,,,,,,,,,,,,,,,,,,,,,,,,,,,,,,,,,,,,,,,,,,,,,,,,,,,,,,,,,,,,,,,,,,,,,,,,,,,,,,,,,,,,,,,,14.2,26,24.22,15
Bank Street Writer,Broderbund Software,"Bank Street College of Education, Gene Kuzmiak",,,,,,,,,,,,,,,,,,,,,,,,,,,,,,,,,,,,,,,,,,,,,,,,,,,,,,,,,,,,,,,,,30.49,11,67.26,7,39.53,10,58.82,8,88.35,3,61.52,7,97.43,2,97.87,2,54.74,4,78.43,3,57.75,9,66.37,7,64.19,5,43.17,3,80.09,3
Barron's SAT,Barron's,uncredited,,,,,,,,,,,,,,,,,,,,,,,,,,,,,,,,,,,,,,,,,,,,,,,,,,,,,,,,,,,,,,,,,,,,,,,,,,,,,,,,,,,,,,,,,,,,,23.17,16
Beagle Basic,Beagle Brothers,Mark Simonsen,,,,,,,,,,,,,,,,,,,,,,,,,,,,,,,,,,,,,,,,,,,,,,,,,,,,,,,,,,,,,,,,,,,,,,,,,,,,,25.21,20,,,,,,,,,,,19.93,25,,,,
Beer Run,Sirius Software,Mark Turmell,,,,,,,,,,,,,,,,,,,,,,,,,,,,,,,,,51.18,13,27.31,28,,,,,,,,,,,,,,,,,,,,,,,,,,,,,,,,,,,,,,,,,,,,,,,,,,,,,,,,,,
Beyond Castle Wolfenstein,MUSE,Silas Warner,,,,,,,,,,,,,,,,,,,,,,,,,,,,,,,,,,,,,,,,,,,,,,,,,,,,,,,,,,,,,,,,,,,,,,,,,,,,,,,,,,,,,,,,,,,18.74,18,50.03,6
Bill Budge's 3-D Graphics Package,California Pacific,Bill Budge,37.5,18,71.76,3,22.32,19,16.22,30,16.38,26,11.11,29,15.49,22,,,,,,,,,,,,,,,,,,,,,,,,,,,,,,,,,,,,,,,,,,,,,,,,,,,,,,,,,,,,,,,,,,,,,,,,,,,,,,,,
Bill Budge's Space Album,California Pacific,Bill Budge,79.06,3,44.08,8,38.7,6,28.02,20,27.78,14,13.48,20,12.17,28,,,,,,,,,,,,,,,,,,,,,,,,,,,,,,,,,,,,,,,,,,,,,,,,,,,,,,,,,,,,,,,,,,,,,,,,,,,,,,,,
Bill Budge's Trilogy,California Pacific,uncredited,44.38,10,,,,,,,,,,,,,,,,,,,,,,,,,,,,,,,,,,,,,,,,,,,,,,,,,,,,,,,,,,,,,,,,,,,,,,,,,,,,,,,,,,,,,,,,,,,,
BPI Accounts Receivable,Apple Computer,"John Moss, Ken Debower",,,,,,,,,,,,,,,,,,,,,,,,,,,,,,,,,,,,,,,30.47,19,,,,,,,,,,,19.25,24,,,,,,,,,,,,,,,,,,,,,,,,,,,,,,,,,,,,,,,,,,
BPI General Ledger,Apple Computer,"John Moss, Ken Debower",,,,,,,,,,,,,,,,,17.92,26,13.14,29,,,,,,,11.02,20,,,36.25,18,,,38.53,16,49.47,8,38.28,16,21.52,25,17.26,24,17.32,29,28.76,18,22.71,20,23.58,18,16.35,23,16.87,29,,,,,21.19,20,,,20.16,19,,,12.09,26,,,21.91,17,17.2,30,,,,,,,,,,,,,,,,,,
Bug Attack,Cavalier Software,Jim Nitchals,,,,,,,,,,,,,,,,,,,,,,,,,,,,,,,26.87,24,42.65,19,30.24,24,24.73,25,,,,,,,,,,,,,,,,,,,,,,,,,,,,,,,,,,,,,,,,,,,,,,,,,,,,,,,,
Cannonball Blitz,On-Line Systems,Olaf Lubeck,,,,,,,,,,,,,,,,,,,,,,,,,,,,,,,,,,,,,,,,,,,26.78,14,32.41,17,38.09,12,41.78,13,24.55,16,24.52,14,24.45,17,31.01,16,,,,,,,,,,,,,,,,,,,,,,,,,,,,,,,,,,,,
Canyon Climber,DataSoft,Steve Bjork,,,,,,,,,,,,,,,,,,,,,,,,,,,,,,,,,,,,,,,,,,,,,,,,,,,,,,,28.24,14,,,,,,,,,,,,,,,,,,,,,,,,,,,,,,,,,,,,,,
Castle Wolfenstein,MUSE,Silas Warner,,,,,,,,,,,,,,,,,,,,,,,,,,,11.61,18,21.54,14,35.28,20,74.44,7,51.7,13,44.07,12,59.38,8,42,11,26.49,15,32.69,16,36.15,14,33.26,16,17.33,28,,,33.74,11,31.01,15,26.3,17,24.1,16,32.02,14,21.67,17,,,12.79,25,18.08,26,,,21.51,23,,,,,,,23.22,29,,,,,,,,,15.79,27
CCA Data Management System,Personal Software,"Ben Herman, Creative Computer Applications",41.88,14,22.04,18,40.19,5,31.71,15,18.87,23,,,,,,,,,,,,,,,,,,,,,,,,,,,,,,,,,,,,,,,,,,,,,,,,,,,,,,,,,,,,,,,,,,,,,,,,,,,,,,,,,,,,
Choplifter,Broderbund Software,Dan Gorlin,,,,,,,,,,,,,,,,,,,,,,,,,,,,,,,,,,,,,,,,,,,40.18,11,189.96,1,202.9,1,214.57,1,146.32,2,139.94,2,123.61,1,118.48,2,137.15,1,72.3,5,71.37,5,68.28,4,43.35,11,37.67,11,26.95,15,19.22,20,21.94,21,29.91,18,36.25,15,34.98,11,42.41,15,30.47,28,33.96,18,18.34,30,,,,
Computer Ambush,Strategic Simulations,uncredited,29.69,25,19.48,26,,,,,,,,,,,,,,,,,,,,,,,,,,,,,,,,,,,,,,,,,,,,,,,,,,,,,,,,,,,,,,,,,,,,,,,,,,,,,,,,,,,,,,,,,,
Computer Baseball,Strategic Simulations,"Charles Merrow, Jack T. Avery",,,,,,,,,,,,,,,,,,,,,,,29.57,22,13.14,24,,,,,,,,,,,,,,,,,,,,,,,,,,,,,,,,,,,,,,,,,,,,,,,,,,,,,,,,,,,,,,,,,,,,
Computer Bismarck,Strategic Simulations,uncredited,33.44,21,27.17,12,,,,,,,,,,,,,,,,,,,,,,,,,,,,,,,,,,,,,,,,,,,,,,,,,,,,,,,,,,,,,,,,,,,,,,,,,,,,,,,,,,,,,,,,,,
Computer Quarterback,Strategic Simulations,Dan Bunten,,,22.55,17,25.6,12,17.7,27,19.23,22,,,,,,,,,,,,,,,,,,,,,,,,,,,,,,,,,,,,,,,,,,,,,,,,,,,,,,,,,,,,,,,,,,,,,,,,,,,,,,,,,,,,
Computer SAT,Harcourt Brace Jovanovich,uncredited,,,,,,,,,,,,,,,,,,,,,,,,,,,,,,,,,,,,,,,,,,,,,,,,,,,,,,,,,,,,,,,,,,,,,,,23.58,19,21.91,17,,,25.63,19,20.71,27,21.36,29,24.64,26,,,,,,,,,,
Copy II Plus,Central Point Software,uncredited,,,,,,,,,,,,,,,,,,,,,,,,,,,,,,,,,,,,,,,,,,,,,,,,,,,,,,,,,,,,,,,,,,,,,,,13.17,30,,,,,,,,,,,,,,,,,,,,,,
Cosmos Mission,Astar International,uncredited,,,19.99,24,,,,,,,,,,,,,,,,,,,,,,,,,,,,,,,,,,,,,,,,,,,,,,,,,,,,,,,,,,,,,,,,,,,,,,,,,,,,,,,,,,,,,,,,,,
Creature Venture,Highlands Computer Services,"Butch Greathouse, Garry Reinhardt",,,,,,,,,,,,,,,14.89,25,18.8,23,,,,,,,,,,,,,,,,,,,,,,,,,,,,,,,,,,,,,,,,,,,,,,,,,,,,,,,,,,,,,,,,,,,,,,,,,,,,
Crisis Moutain,Synergistic Software,David H. Schroeder,,,,,,,,,,,,,,,,,,,,,,,,,,,,,,,,,,,,,,,,,,,,,,,,,,,,,,,,,,,22.08,20,,,,,,,,,,,,,,,,,,,,,,,,,,,,,,,,,,
Crossfire,On-Line Systems,Jay Sullivan,,,,,,,,,,,,,,,,,,,,,,,,,,,,,,,,,,,,,,,25,23,18.74,29,,,,,,,,,,,,,,,,,,,,,,,,,,,,,,,,,,,,,,,,,,,,,,,,,,,,
Cyber Strike,Sirius Software,Nasir,,,,,,,49.04,6,33.12,10,14.9,18,19.17,19,21.77,17,,,,,,,,,,,,,,,,,,,,,,,,,,,,,,,,,,,,,,,,,,,,,,,,,,,,,,,,,,,,,,,,,,,,,,,,,,,,,,
Dark Crystal,Sierra On-Line,Roberta Williams,,,,,,,,,,,,,,,,,,,,,,,,,,,,,,,,,,,,,,,,,,,,,,,,,,,,,,,,,,,,,,,16.67,29,,,,,,,,,,,,,,,,,,,,,,,,,,,,,,
Data Capture 4.0,Southeastern Software,"David Hughes, George McClelland",,,,,,,,,,,,,,,,,22.03,19,15.53,26,,,,,,,,,,,,,,,,,,,,,,,14.58,30,,,20.99,25,,,,,,,,,,,,,,,,,,,,,,,,,,,,,,,,,,,,,,,,,,,,,,
Data Factory,Microlab,Bill Passauer,,,17.94,28,22.32,19,38.34,10,25.99,16,12.06,26,15.12,23,,,,,,,,,,,,,,,,,,,,,,,21.58,28,,,,,,,,,,,,,,,,,,,,,,,,,,,,,,,,,,,,,,,,,,,,,,,,,,,,,,,,
Datestones of Ryn,Automated Simulations,uncredited,41.88,14,,,,,18.43,25,,,,,,,,,,,,,,,,,,,,,,,,,,,,,,,,,,,,,,,,,,,,,,,,,,,,,,,,,,,,,,,,,,,,,,,,,,,,,,,,,,,,,,
David's Midnight Magic,Broderbund Software,David Snider,,,,,,,,,,,,,,,,,,,,,,,,,,,,,,,,,,,68.77,7,45.87,10,51.96,10,23.26,24,19.64,20,,,,,,,,,,,,,,,,,,,,,,,,,,,,,,,,,,,,,,,,,,,,,,,,,,
DB Master,Stoneware,"Alpine Software, Barney Stone, Stanley Crain",,,,,,,,,,,11.82,27,24.7,12,34.66,11,55.22,5,51.06,4,19.26,17,46.06,11,40.88,6,26.36,4,45.34,2,70.57,2,51.95,12,61.45,9,52.61,7,56.65,9,56.92,7,51.19,8,50.28,9,50.14,10,58,9,28.88,12,47.13,9,32.71,12,27.18,24,15.03,28,14.13,26,24.68,20,,,,,,,,,,,,,,,,,,,,,,,,,,,,,,
dBase II,Ashton-Tate,Wayne Ratliff,,,,,,,,,,,,,,,,,,,,,,,,,,,,,,,,,,,,,,,,,,,,,,,,,,,,,,,,,,,,,,,,,,,,,,,,,14.5,27,,,,,,,,,,,,,,,,,,,,
Deadline,Infocom,uncredited,,,,,,,,,,,,,,,,,,,,,,,,,,,,,,,,,,,,,,,,,,,23.21,17,,,,,,,,,14.43,25,17.56,26,27.53,22,,,12.88,30,20.68,23,,,,,,,,,,,,,,,,,,,,,,,,,,,,,,
Death in the Caribbean,Micro Fun,"Bob Hess, Philip",,,,,,,,,,,,,,,,,,,,,,,,,,,,,,,,,,,,,,,,,,,,,,,,,,,,,,,,,,,,,,,,,,,,,,,,,,,,,,,,,,,,,,,,,,,,,17.9,24
DiskQuik,Beagle Brothers,"Gene Hite, Harry Bruce",,,,,,,,,,,,,,,,,,,,,,,,,,,,,,,,,,,,,,,,,,,,,,,,,,,,,,,,,,,,,,,,,,,,,,,,,,,,,,,,,,,,,,,,,18.74,28,13.03,29,,
Dogfight,Microlab,Bill Basham,,,,,27.68,11,42.03,8,39.17,6,20.81,10,18.07,21,14.61,26,,,,,,,,,,,,,,,,,,,,,,,,,,,,,,,,,,,,,,,,,,,,,,,,,,,,,,,,,,,,,,,,,,,,,,,,,,,,,,
Dollars and Sense,Monogram,Frank E. Mullin,,,,,,,,,,,,,,,,,,,,,,,,,,,,,,,,,,,,,,,,,,,,,,,,,,,,,,,,,,,,,,,,,,,,,,,,,,,,,,,19.16,30,,,23.22,29,43.23,17,28.04,21,21.93,21,21.52,14,30.54,12
DOS 3.3,Apple Computer,uncredited,,,,,,,74.85,2,32.05,11,26.01,8,26.92,11,32.94,13,37.89,10,45.69,6,31.6,6,44.93,12,19.47,18,18.49,8,16.55,18,31.08,21,25.59,29,,,,,,,,,,,,,,,,,,,,,,,,,,,,,,,,,,,,,,,,,,,,,,,,,,,,,,,,,,,,
DOS Boss,Beagle Brothers,Bert Kersey,,,,,,,,,,,,,,,,,,,,,,,,,,,6.88,30,,,,,,,,,21.13,29,,,,,,,18.44,28,,,15.82,27,16.85,29,,,,,,,,,16.21,25,,,,,28.9,15,12.09,26,24.2,16,22.59,16,18.06,27,,,,,,,,,,,,,,,,,,
DOS Tool Kit,Apple Computer,uncredited,,,,,35.72,8,33.18,13,25.28,17,14.42,19,20.65,15,19.48,19,27.02,15,22.99,19,17.53,19,38.1,19,,,14.36,15,23.8,10,24.6,27,45.75,15,28.29,27,26.98,21,,,,,,,,,,,,,,,,,,,,,,,,,,,,,,,,,,,,,,,,,,,,,,,,,,,,,,,,
Double-Take,Beagle Brothers,Mark Simonsen,,,,,,,,,,,,,,,,,,,,,,,,,,,,,,,,,,,,,,,,,,,,,,,,,,,,,,,,,,,,,,,,,,,33.88,12,14.88,21,24.2,16,15.84,23,,,19.65,26,,,,,,,,,,,,,,,,
Dragon Fire,Level 10 Software,uncredited,,,,,,,,,,,,,,,,,,,,,,,25.59,27,,,,,,,,,,,,,,,,,,,,,,,,,,,,,,,,,,,,,,,,,,,,,,,,,,,,,,,,,,,,,,,,,,,,,,
Early Games for Young Children,Early Game Company,John Paulson,,,,,,,,,,,,,,,,,,,,,,,,,,,,,,,,,,,,,,,,,,,,,,,,,,,,,,,,,27.53,23,19.26,26,19.53,22,,,17.89,24,17.94,26,,,19.91,22,,,21.08,24,23.07,22,20.71,27,,,,,28.34,30,,,,,,,,
Easy Writer,Information Unlimited,John Draper,36.25,19,24.6,14,22.62,18,17.7,27,15.67,28,,,,,,,,,,,,,,,,,10.43,22,,,,,,,,,,,,,,,,,,,,,,,,,,,,,,,,,,,,,,,,,,,,,,,,,,,,,,,,,,,,,,,,,,
Enchanter,Infocom,"Dave Lebling, Marc Blank",,,,,,,,,,,,,,,,,,,,,,,,,,,,,,,,,,,,,,,,,,,,,,,,,,,,,,,,,,,,,,,,,,,,,,,,,,,,,,,,,,,,,,,,,,,,,15.75,28
Epoch,Sirius Software,Larry Miller,,,,,,,,,,,,,,,,,,,,,,,,,11.68,29,17.11,10,29.02,4,24.6,27,,,,,,,,,,,,,,,,,,,,,,,,,,,,,,,,,,,,,,,,,,,,,,,,,,,,,,,,,,,,,,
Ernie's Quiz,Apple Computer,Children's Television Workshop,,,,,,,,,,,,,,,,,,,,,,,,,,,,,,,,,,,,,,,,,,,,,,,,,,,,,,,,,24.05,26,,,,,,,,,18.93,25,13.02,24,,,,,,,,,,,,,,,,,,,,,,,,
Escape from Rungistan,Sirius Software,Bob Blauschild,,,,,,,,,,,,,,,,,,,,,,,,,,,,,,,,,,,,,,,,,,,,,,,,,39.35,14,,,,,,,,,,,,,,,,,,,,,,,,,,,,,,,,,,,,,,,,,,,,
Exodus: Ultima III,Origin Systems,uncredited,,,,,,,,,,,,,,,,,,,,,,,,,,,,,,,,,,,,,,,,,,,,,,,,,,,,,,,,,,,,,,,,,,,,,,,,,14.16,29,63.24,6,38.88,13,64.47,9,25.36,24,26.77,25,35.08,21,18.69,28,19.53,26,13,30,,
Expediter II,On-Line Systems,"Dennis Goodrow, Stewart Einstein",,,,,,,,,,,,,,,,,,,,,,,76.77,5,11.68,29,,,,,,,,,,,,,,,,,,,,,,,,,,,,,,,,,,,,,,,,,,,,,,,,,,,,,,,,,,,,,,,,,,,,
Facemaker,Spinnaker Software,DesignWare,,,,,,,,,,,,,,,,,,,,,,,,,,,,,,,,,,,,,,,,,,,,,,,,,,,,,,,,,,,,,,,16.01,30,,,20.43,21,,,,,15.84,23,,,,,19.16,30,,,,,,,,,,,,,,
Falcons,Picadilly Software,"Eric Varsanyl, Thomas Ball",,,,,,,,,,,,,,,,,,,,,,,,,,,,,12.24,28,,,,,28.77,25,,,,,,,,,,,,,,,,,,,,,,,,,,,,,,,,,,,,,,,,,,,,,,,,,,,,,,,,,,
FlashCalc,VisiCorp,"Bill Graves, Neried",,,,,,,,,,,,,,,,,,,,,,,,,,,,,,,,,,,,,,,,,,,,,,,,,,,,,,,,,,,,,,,,,,,,,,,,,,,,,,,,,,,,,,,,,,,,,22.11,18
Flight Simulator,SubLogic,Bruce Artwick,87.5,2,70.74,4,50.01,4,50.88,5,53.42,3,45.63,3,34.66,6,41.54,6,49.05,7,35.83,12,38.52,5,40.95,16,23.85,14,9.05,26,16.32,19,25.9,25,,,38.04,17,,,23.83,27,,,,,,,,,,,,,,,,,,,,,13.71,27,18.01,28,26.71,14,,,11.16,30,,,,,,,,,,,,,,,,,,,,,,,,
Flight Simulator II,SubLogic,Bruce Artwick,,,,,,,,,,,,,,,,,,,,,,,,,,,,,,,,,,,,,,,,,,,,,,,,,,,,,,,,,,,,,,,,,,,,,,,,,,,,,,,,,35.91,10,97.39,2,96.73,2,73.84,6,98.88,1,98.27,2,96.37,2
Frogger,Sierra On-Line,Olaf Lubeck,,,,,,,,,,,,,,,,,,,,,,,,,,,,,,,,,,,,,,,,,,,,,,,,,,,,,21.64,16,82.29,5,95.14,4,67.17,7,48.2,7,36.68,11,28.47,12,,,18.37,17,,,,,,,,,19.67,29,,,,,,,19.94,27,,,,,,
Galactic Empire,Broderbund Software,Doug Carlston,,,27.68,11,24.11,13,,,,,,,,,,,,,,,,,,,,,,,,,,,,,,,,,,,,,,,,,,,,,,,,,,,,,,,,,,,,,,,,,,,,,,,,,,,,,,,,,,,,,,,,
Galactic Revolution,Broderbund Software,Doug Carlston,,,20.5,21,16.67,26,,,,,,,,,,,,,,,,,,,,,,,,,,,,,,,,,,,,,,,,,,,,,,,,,,,,,,,,,,,,,,,,,,,,,,,,,,,,,,,,,,,,,,,,
Galactic Trader,Broderbund Software,Doug Carlston,,,,,20.24,22,,,,,,,,,,,,,,,,,,,,,,,,,,,,,,,,,,,,,,,,,,,,,,,,,,,,,,,,,,,,,,,,,,,,,,,,,,,,,,,,,,,,,,,,
Gamma Goblins,Sirius Software,"Benny Gno, Tony Gno",,,,,,,,,,,,,,,,,,,,,14.32,26,,,,,,,,,,,,,,,,,,,,,,,,,,,,,,,,,,,,,,,,,,,,,,,,,,,,,,,,,,,,,,,,,,,,,,,,
Gammon Gambler,Personal Software,uncredited,31.88,23,,,,,,,,,,,,,,,,,,,,,,,,,,,,,,,,,,,,,,,,,,,,,,,,,,,,,,,,,,,,,,,,,,,,,,,,,,,,,,,,,,,,,,,,,,,,
General Ledger,State of the Art Inc.,George Shackelford,,,,,,,,,,,,,,,,,,,,,,,,,,,,,,,,,,,,,,,,,,,,,,,,,,,,,,,17.56,26,,,14.56,29,18.7,23,,,,,,,,,,,,,,,,,,,,,,,,,,,,,,,,
Ghost Town: Adventure #9,Adventure International,Scott Adams,,,,,17.26,24,,,,,,,,,,,,,,,,,,,,,,,,,,,,,,,,,,,,,,,,,,,,,,,,,,,,,,,,,,,,,,,,,,,,,,,,,,,,,,,,,,,,,,,,
Global Program Line Editor,Beagle Brothers,Neil Konzen,,,,,,,,,,,,,,,,,,,,,,,,,,,,,,,,,,,,,,,,,,,,,,,,,,,,,,,,,,,,,,,,,,,,,,,,,,,,,,,,,,,,,32.95,23,,,,,,,,
Gobbler,On-Line Systems,Olaf Lubeck,,,,,,,,,,,,,,,,,,,,,17.53,19,40.38,17,23.36,15,10.62,21,19.27,15,,,,,,,,,,,,,,,,,,,,,,,,,,,,,,,,,,,,,,,,,,,,,,,,,,,,,,,,,,,,,,,,
Gorgon,Sirius Software,Nasir,,,,,,,,,,,,,,,,,,,,,50.12,3,89.29,2,70.08,2,24.19,6,17,17,62.47,4,84.52,5,35.6,18,38.67,13,30.86,18,27.07,21,,,,,,,,,,,,,,,,,,,,,,,,,,,,,,,,,,,,,,,,,,,,,,,,,,,,
Graphics Magician,Penguin Software,"Chris Jochumson, David Lubar, Mark Pelczarski",,,,,,,,,,,,,,,,,,,,,,,,,,,,,,,,,,,,,,,,,,,,,,,,,,,,,20.68,18,,,,,,,,,20.01,24,16.12,28,,,,,,,,,,,,,,,,,,,,,,,,,13.06,28,17.37,25
Graphtrix,Data Transforms,Steve Boker,,,,,,,,,,,,,,,,,,,,,,,,,13.14,24,7.08,29,14.06,23,37.23,15,,,,,,,,,,,,,,,,,,,,,,,,,,,,,,,,,,,,,,,,,,,,,,,,,,,,,,,,,,,,,,
Hard Hat Mack,Electronic Arts,"Matthew Alexander, Mike Abbott",,,,,,,,,,,,,,,,,,,,,,,,,,,,,,,,,,,,,,,,,,,,,,,,,,,,,,,,,,,,,,,,,,,,,17.67,18,31.24,14,14.83,25,,,,,,,22.96,28,,,,,,,,,,,,
Head On,California Pacific,uncredited,43.44,12,20.5,21,,,,,,,,,,,,,,,,,,,,,,,,,,,,,,,,,,,,,,,,,,,,,,,,,,,,,,,,,,,,,,,,,,,,,,,,,,,,,,,,,,,,,,,,,,
Hellfire Warrior,Automated Simulations,uncredited,,,,,31.26,9,37.97,11,26.35,15,15.37,17,20.28,17,17.47,20,,,,,,,,,,,,,,,,,,,,,,,,,,,,,,,,,,,,,,,,,,,,,,,,,,,,,,,,,,,,,,,,,,,,,,,,,,,,,,
Hi-Res Adventure #0: Mission: Asteroid,On-Line Systems,"Ken Williams, Roberta Williams",,,,,,,,,,,31.45,6,33.93,8,,,26.43,16,17.32,24,,,,,,,,,,,,,,,,,,,,,,,,,,,,,,,,,,,,,,,,,,,,,,,,,,,,,,,,,,,,,,,,,,,,,,,,,,
Hi-Res Adventure #1: Mystery House,On-Line Systems,"Ken Williams, Roberta Williams",56.25,7,29.73,10,19.94,23,,,18.16,24,20.33,11,21.01,14,,,17.92,26,17.62,23,16.3,23,,,,,,,,,,,,,,,,,,,,,,,,,,,,,,,,,,,,,,,,,,,,,,,,,,,,,,,,,,,,,,,,,,,,,,,,
Hi-Res Adventure #2: The Wizard and the Princess,On-Line Systems,"Ken Williams, Roberta Williams",,,82.53,2,60.43,2,59.36,4,45.58,4,39.96,5,47.56,3,36.67,10,42.88,8,45.69,6,29.13,8,42.65,15,16.06,22,,,,,,,,,,,,,,,,,,,,,,,,,,,,,,,,,,,,,,,,,,,,,,,,,,,,,,,,,,,,,,,,,,,,
Hi-Res Adventure #3: Cranston Manor,On-Line Systems,"Harold DeWitz, Ken Williams",,,,,,,,,,,,,,,,,,,,,,,47.2,9,56.94,3,17.11,10,18.82,16,23.63,30,,,,,,,,,,,,,,,,,,,,,,,,,,,,,,,,,,,,,,,,,,,,,,,,,,,,,,,,,,,,,,
Hi-Res Adventure #4: Ulysses and the Golden Fleece,On-Line Systems,"Bob Davis, Ken Williams",,,,,,,,,,,,,,,,,,,,,,,,,,,,,,,,,,,33.16,21,,,,,,,,,,,,,,,,,,,,,,,,,,,,,,,,,,,,,,,,,,,,,,,,,,,,,,,,,,
Hi-Res Cribbage,On-Line Systems,Warren Schwader,,,,,,,,,,,,,,,14.61,26,,,,,,,,,,,,,,,,,,,,,,,,,,,,,,,,,,,,,,,,,,,,,,,,,,,,,,,,,,,,,,,,,,,,,,,,,,,,,,
Hi-Res Football,On-Line Systems,"Jay Sullivan, Ken Williams",,,,,,,32.45,14,37.03,7,26.72,7,28.02,10,,,,,,,,,,,,,,,,,,,,,,,,,,,,,,,,,,,,,,,,,,,,,,,,,,,,,,,,,,,,,,,,,,,,,,,,,,,,,,,,
Home Accountant,Continental Software,"Bob Schoenburg, Larry Grodin, Steve Pollack",,,,,,,,,,,,,,,,,,,,,,,,,,,,,,,,,,,68.28,8,58.91,6,87.51,3,96.49,2,45.24,10,78.78,6,68.8,7,66.52,7,50.54,7,87.04,4,99.17,3,82.59,5,92.53,4,81.86,4,97.38,3,81.13,3,98.65,2,50.7,7,59.43,7,56.31,8,44.31,11,47,10,55.67,10,46.19,5,54.97,10,52.44,10,92.85,3,28.7,14,21.58,13,40.02,10
Home Money Minder,Continental Software,"Bob Schoenburg, Steve Pollack",,,,,,,,,,,,,,,,,,,,,,,,,,,12.79,17,13.15,24,,,39.6,22,,,,,,,,,,,,,,,,,,,,,,,,,,,,,,,,,,,,,,,,,,,,,,,,,,,,,,,,,,,,
HomeWord,Sierra On-Line,"Jeff Stephenson, Ken Wiliams",,,,,,,,,,,,,,,,,,,,,,,,,,,,,,,,,,,,,,,,,,,,,,,,,,,,,,,,,,,,,,,,,,,,,,,,,,,,,,,,,21.36,29,,,44.64,14,28.66,20,25.51,18,14.76,25,22.99,17
Horizon V,Gebelli Software,Nasir,,,,,,,,,,,,,,,,,,,,,,,,,,,,,,,,,,,,,27.88,18,,,,,,,,,,,,,,,,,,,,,,,,,,,,,,,,,,,,,,,,,,,,,,,,,,,,,,,,
In Search of the Most Amazing Thing,Spinnaker Software,Tom Snyder,,,,,,,,,,,,,,,,,,,,,,,,,,,,,,,,,,,,,,,,,,,,,,,,,,,,,,,,,,,,,,,,,,,,,,,15.62,28,,,,,,,,,,,,,,,,,,,,,,
Jawbreaker,On-Line Systems,Olaf Lubeck,,,,,,,,,,,,,,,,,,,,,,,,,,,,,,,,,,,,,,,25,23,,,16.39,26,,,,,,,,,,,,,,,,,,,,,,,,,,,,,,,,,,,,,,,,,,,,,,,,,,
Julius Erving and Larry Bird Go One-on-One,Electronic Arts,"Eric Hammond, Julius Erving, Larry Bird",,,,,,,,,,,,,,,,,,,,,,,,,,,,,,,,,,,,,,,,,,,,,,,,,,,,,,,,,,,,,,,,,,,,,,,,,,,,,,,,,,,42.89,14,48.19,12,24.92,23,50.24,8,30.67,8,38.97,11
Kabul Spy,Sirius Software,Tim Wilson,,,,,,,,,,,,,,,,,,,,,,,,,,,,,,,,,,,,,,,,,21.52,25,16.96,25,,,,,,,,,,,,,,,,,,,,,,,,,,,,,,,,,,,,,,,,,,,,,,,,,,
Knight of Diamonds,Sir-tech,"Andrew Greenberg, Robert Woodhead",,,,,,,,,,,,,,,,,,,,,,,,,,,,,,,,,,,,,,,,,,,99.7,2,88.84,4,62.19,9,56.78,10,34.65,11,21.64,16,21.69,19,29.97,21,29.59,16,,,20.01,24,,,19.43,24,,,14.7,29,,,,,18.37,27,41.42,14,31.24,14,33.17,22,,,,,,,,,,
Legacy of Llylgamyn,Sir-tech,"Andrew Greenberg, Robert Woodhead",,,,,,,,,,,,,,,,,,,,,,,,,,,,,,,,,,,,,,,,,,,,,,,,,,,,,,,,,,,,,,,,,,,,,,,,,,,96.37,2,62.81,7,68.87,8,30.84,15,41.94,16,30.82,27,33.34,19,19.13,27,,,21.06,19
Lode Runner,Broderbund Software,Doug Smith,,,,,,,,,,,,,,,,,,,,,,,,,,,,,,,,,,,,,,,,,,,,,,,,,,,,,,,,,,,,,,,,,,,,,,,56.06,10,72.16,5,86.04,3,47.86,9,76.9,6,97.73,2,71.8,6,68.38,5,56.71,9,48.64,9,23.29,11,29.49,13
Lords of Karma,Avalon Hill,National Microcomputer Associates,,,,,,,,,,,12.77,23,,,,,,,,,,,,,,,,,,,,,,,,,,,,,,,,,,,,,,,,,,,,,,,,,,,,,,,,,,,,,,,,,,,,,,,,,,,,,,,,,,
Magic Window,Artsci,"Bill Depew, Gary Shannon",,,,,,,,,,,,,,,,,,,,,,,,,,,10.03,23,11.11,30,,,40.32,20,,,27.43,20,28.91,20,,,15.48,29,22.91,24,,,,,22.62,22,,,,,,,,,,,,,,,,,,,,,,,,,,,,,,,,,,,,,,,,,,
Magic Window II,Artsci,Bill Depew,,,,,,,,,,,,,,,,,,,,,,,,,,,,,,,,,,,,,,,,,,,,,,,,,,,,,,,,,,,,,,,,,,,,,,,,,,,24.52,18,,,,,,,,,,,,,,,,,,
Marauder,On-Line Systems,"Eric Hammond, Rorke Weigandt",,,,,,,,,,,,,,,,,,,,,,,,,,,,,,,,,,,,,,,,,,,,,36.04,12,18.66,30,15.82,27,,,,,,,,,,,,,,,,,,,,,,,,,,,,,,,,,,,,,,,,,,,,
MasterType,Lightning Software,Bruce Zweig,,,,,,,,,,,,,,,,,,,,,,,,,,,,,,,,,,,,,,,23.83,27,31.93,17,19.34,21,24.02,22,24.1,21,42.99,12,23.1,19,17.31,22,18.25,23,33.45,14,31,15,23.69,17,51.36,7,36.28,10,82.71,4,56.51,5,56.98,9,50.24,10,63.67,5,68.79,5,83.63,3,65.29,3,78.2,4,76.89,3,98.77,2,82.14,3,33.51,7,46.34,8
Math Blaster,Davidson and Associates,"Janice Davidson, Richard Eckert",,,,,,,,,,,,,,,,,,,,,,,,,,,,,,,,,,,,,,,,,,,,,,,,,,,,,,,,,,,,,,,,,,,,,,,,,,,,,,,,,,,,,,,20.25,26,,,,,,
Microwave,Cavalier Computer,"Jay Zimmermann, Jim Nitchals",,,,,,,,,,,,,,,,,,,,,,,,,,,,,,,,,,,,,,,,,25.69,22,,,,,,,,,,,,,,,,,,,,,,,,,,,,,,,,,,,,,,,,,,,,,,,,,,,,
Midway Campaign,Avalon Hill,uncredited,,,17.43,29,,,,,,,,,,,,,,,,,,,,,,,,,,,,,,,,,,,,,,,,,,,,,,,,,,,,,,,,,,,,,,,,,,,,,,,,,,,,,,,,,,,,,,,,,,
Miner 2049er,Micro Fun,"Bill Hogue, Mike Livesay",,,,,,,,,,,,,,,,,,,,,,,,,,,,,,,,,,,,,,,,,,,,,,,,,,,,,,,,,62.03,8,99.11,3,71.47,6,76.04,4,61.22,5,65.27,8,44.65,8,35.53,13,27.31,13,20.22,25,,,22.78,25,28.04,19,36.25,20,,,23.99,24,,,,,,
Missile Defense,On-Line Systems,Dave Clark,,,,,,,,,,,,,,,23.2,16,,,22.4,20,12.84,30,,,,,,,,,,,,,,,,,,,,,,,,,,,,,,,,,,,,,,,,,,,,,,,,,,,,,,,,,,,,,,,,,,,,,,,,
Mix & Match,Apple Computer,Children's Television Workshop,,,,,,,,,,,,,,,,,,,,,,,,,,,,,,,,,,,,,,,,,,,,,,,,,,,,,,,,,19.51,31,23.01,19,,,,,16.63,26,19.93,23,,,,,,,,,,,,,,,,,,,,,,,,,,
Morloc's Tower,Automated Simulations,uncredited,44.06,11,19.99,24,,,19.91,24,,,,,,,,,,,,,,,,,,,,,,,,,,,,,,,,,,,,,,,,,,,,,,,,,,,,,,,,,,,,,,,,,,,,,,,,,,,,,,,,,,,,,,
Multiplan,Microsoft,uncredited,,,,,,,,,,,,,,,,,,,,,,,,,,,,,,,,,,,,,,,,,,,,,,,,,,,,,,,,,20.21,29,39.45,13,36.98,10,40.02,9,60.22,7,53.31,10,55.81,6,59.74,6,51.93,9,43.45,12,55.12,8,35.21,16,24.7,26,38.62,18,49.96,11,42.06,15,21.93,21,15.9,23,14.74,29
Music Construction Set,Electronic Arts,Will Harvey,,,,,,,,,,,,,,,,,,,,,,,,,,,,,,,,,,,,,,,,,,,,,,,,,,,,,,,,,,,,,,,,,,,,,,,,,,,,,22.22,23,,,25.63,23,,,31.52,25,,,25.91,17,24.99,10,16.32,26
Odyssey,Synergistic Software,Bob Clardy,61.56,5,30.24,9,23.81,14,30.6,16,23.5,19,17.26,15,12.54,27,,,,,,,,,,,,,,,,,,,,,,,,,,,,,,,,,,,,,,,,,,,,,,,,,,,,,,,,,,,,,,,,,,,,,,,,,,,,,,,,
Olympic Decathlon,Microsoft,Tim Smith,,,,,,,,,,,,,,,,,23.79,17,33.14,13,23.46,12,,,16.55,21,14.56,14,12.47,27,42.4,10,98.48,2,31.21,23,25.63,23,,,,,,,,,,,,,,,,,,,,,,,,,,,,,,,,,,,,,,,,,,,,,,,,,,,,,,,,
Oo Topos: An Extraterrestrial Adventure,Sentient Software,Michael Berlin,,,,,,,,,,,,,,,,,,,,,,,25.59,27,,,,,,,,,,,,,,,,,,,,,,,,,,,,,,,,,,,,,,,,,,,,,,,,,,,,,,,,,,,,,,,,,,,,,,
Oribitron,Sirius Software,Erik Knopp,,,,,,,,,,,,,,,,,,,,,17.78,18,,,,,,,,,,,,,,,,,,,,,,,,,,,,,,,,,,,,,,,,,,,,,,,,,,,,,,,,,,,,,,,,,,,,,,,,
Pegasus II,On-Line Systems,Olaf Lubeck,,,,,,,,,,,,,,,,,,,,,,,,,,,13.57,16,16.32,19,24.6,27,25.2,30,,,,,,,,,,,,,,,,,,,,,,,,,,,,,,,,,,,,,,,,,,,,,,,,,,,,,,,,,,,,
Personal Finance Manager,Apple Computer,"Jeffrey Gold, Special Delivey Software",,,,,,,,,,,,,,,,,,,,,,,,,,,,,12.92,25,46.61,7,66.68,8,43.41,15,31.93,16,24.22,25,19.78,28,,,,,,,20.28,23,,,13.46,29,,,,,,,,,,,,,,,,,,,,,,,,,,,,,,,,,,,,,,,,
PFS: File (Personal Filing System),Software Publishing Corporation,John Page,,,,,,,,,,,,,,,,,17.33,28,,,,,29,24,18.98,19,24.98,5,22.22,13,64.74,3,97.31,3,86.81,3,67.45,4,98.45,2,79.83,5,52.68,7,69.84,7,98.73,3,99.38,3,99.15,3,97.62,3,95.72,4,72.48,6,74.68,6,92.67,3,49.36,8,60.47,6,77.23,5,92.09,3,91.9,3,85.65,4,58.94,9,88.02,3,74.83,7,43.52,7,74.64,5,70.51,4,88.8,4,54.22,7,40.33,4,51.61,5
PFS: Graph,Software Publishing Corporation,Bessie Chin,,,,,,,,,,,,,,,,,,,,,,,,,,,,,,,,,,,,,,,,,,,,,,,19.82,28,23.93,19,19.25,24,,,,,,,,,13.3,29,,,,,17.44,29,16.28,19,,,14.83,25,,,21.79,24,,,,,,,,,,,20.73,24,,,,
PFS: Report,Software Publishing Corporation,John Page,,,,,,,,,,,,,,,,,,,,,,,,,,,,,,,,,,,,,,,44.54,12,38.88,12,26.78,13,29.33,19,30.71,15,35.29,15,24.07,17,26.93,11,,,,,,,27.84,11,21.34,22,21.16,18,31.89,14,43.49,9,41.35,11,32.71,11,31.4,14,44.44,11,25.89,23,27.23,22,41.94,16,46.41,13,44.87,12,36.28,11,18.71,19,41.07,9
PFS:Write,Software Publishing Corporation,"Brad Crain, Ed Mitchell, Sam Edwards",,,,,,,,,,,,,,,,,,,,,,,,,,,,,,,,,,,,,,,,,,,,,,,,,,,,,,,,,,,,,,,,,,,,,,,,,,,,,35.46,16,80.52,5,31.91,13,68.72,7,62.71,7,84.44,5,58.21,6,35.78,6,47.39,7
Phantoms 5,Sirius Software,Nasir,,,,,,,,,,,25.06,9,34.66,6,38.39,8,16.74,29,,,,,,,,,,,,,,,,,,,,,,,,,,,,,,,,,,,,,,,,,,,,,,,,,,,,,,,,,,,,,,,,,,,,,,,,,,,,
Pinball Construction Set,BudgeCo,Bill Budge,,,,,,,,,,,,,,,,,,,,,,,,,,,,,,,,,,,,,,,,,,,,,,,,,,,,,,,,,,,24.32,18,22.85,18,28.01,16,19.15,22,20.93,20,,,,,,,,,,,,,23.76,27,,,31.18,26,,,,,14.17,27,,
Planet Miners,Avalon Hill,National Microcomputer Associates,,,,,,,,,15.67,28,12.29,25,,,,,,,,,,,,,,,,,,,,,,,,,,,,,,,,,,,,,,,,,,,,,,,,,,,,,,,,,,,,,,,,,,,,,,,,,,,,,,,,,,
Planetoids (Asteroids),Adventure International,Marc Goodman,,,,,16.08,28,18.43,25,16.38,26,13,22,,,15.47,23,,,15.83,25,,,,,,,,,,,,,,,,,,,,,,,,,,,,,,,,,,,,,,,,,,,,,,,,,,,,,,,,,,,,,,,,,,,,,,,,,,
Pool 1.5,Innovative Design Software,"Dave Morock, Don Hoffman, Howard de St. Germain",,,,,,,,,,,,,,,,,,,41.21,8,61.48,2,81.89,4,30.18,11,10.03,23,,,,,,,,,,,,,,,,,,,,,,,,,,,,,,,,,,,,,,,,,,,,,,,,,,,,,,,,,,,,,,,,,,
Print Shop,Broderbund Software,"David Balsam, Martin Kahn",,,,,,,,,,,,,,,,,,,,,,,,,,,,,,,,,,,,,,,,,,,,,,,,,,,,,,,,,,,,,,,,,,,,,,,,,,,,,,,,,,,,,,,,,,,,,20.53,20
ProDOS User's Kit,Apple Computer,uncredited,,,,,,,,,,,,,,,,,,,,,,,,,,,,,,,,,,,,,,,,,,,,,,,,,,,,,,,,,,,,,,,,,,,,,,,,,,,,,,,,,,,,,,,,,,,,,18.95,22
Programming Aids 3.3,Dakin5,uncredited,,,16.92,30,,,,,,,,,,,,,,,,,,,,,,,,,,,,,,,,,,,,,,,,,,,,,,,,,,,,,,,,,,,,,,,,,,,,,,,,,,,,,,,,,,,,,,,,,,
Pronto DOS,Beagle Brothers,Tom Weishaar,,,,,,,,,,,,,,,,,,,,,,,,,,,,,,,,,,,,,,,,,,,,,,,,,,,,,,,,,,,,,,,,,,,21.92,18,,,13.17,30,,,,,,,,,,,,,,,,,,,,,,
Puckman,Broderbund Software,Jun Wada,,,,,,,,,,,,,,,38.1,9,,,,,,,,,,,,,,,,,,,,,,,,,,,,,,,,,,,,,,,,,,,,,,,,,,,,,,,,,,,,,,,,,,,,,,,,,,,,,,
Pulsar II,Sirius Software,Nasir,,,,,,,,,,,,,,,,,,,26.58,14,21.48,14,30.15,21,,,,,,,,,,,,,,,,,,,,,,,,,,,,,,,,,,,,,,,,,,,,,,,,,,,,,,,,,,,,,,,,,,,,,,
Quick File IIe,Apple Computer,Rupert Lissner,,,,,,,,,,,,,,,,,,,,,,,,,,,,,,,,,,,,,,,,,,,,,,,,,,,,,,,,,,,,,42.39,9,28.01,16,52.66,9,57.3,9,35.58,12,85.78,5,65.08,7,60.66,8,64.95,6,49.71,13,36.05,9,56.4,9,59.17,8,64.5,8,23.52,20,15.33,24,,
Raster Blaster,BudgeCo,Bill Budge,,,,,,,,,,,,,,,,,76.36,3,96.45,1,97.53,1,90.99,1,56.46,4,29.5,2,33.78,3,42.08,11,54.28,11,33.65,19,,,28.91,20,20.13,27,,,,,,,,,,,,,,,,,,,,,,,,,,,,,,,,,,,,,,,,,,,,,,,,,,,,
Rescue at Rigel,Automated Simulations,uncredited,43.13,13,24.09,15,16.37,27,28.39,19,,,,,,,,,,,,,,,,,,,,,,,,,,,,,,,,,,,,,,,,,,,,,,,,,,,,,,,,,,,,,,,,,,,,,,,,,,,,,,,,,,,,,,
Reversal,Hayden Software,"Dan Spracklen, Kathe Spracklen",,,,,,,,,,,,,11.8,30,,,,,,,,,,,,,,,,,,,,,,,,,,,,,,,,,,,,,,,,,,,,,,,,,,,,,,,,,,,,,,,,,,,,,,,,,,,,,,,,
Robot War,MUSE,Silas Warner,,,,,,,,,,,,,,,,,,,,,22.22,13,72.79,6,30.66,10,8.46,27,12.69,26,,,,,,,,,,,,,,,,,,,,,,,,,,,,,,,,,,,,,,,,,,,,,,,,,,,,,,,,,,,,,,,,
Rocky's Boots,The Learning Company,"Leslie Grimm, Warren Robinett",,,,,,,,,,,,,,,,,,,,,,,,,,,,,,,,,,,,,,,,,,,,,,,,,,,,,,,,,,,,,,,,,,,,,,,,,,,,,17.94,28,,,,,,,,,,,,,,,,
Sabotage,On-Line Systems,Mark Allen,,,,,,,,,,,,,,,,,,,37.03,11,26.17,9,,,,,,,,,,,,,,,,,,,,,,,,,,,,,,,,,,,,,,,,,,,,,,,,,,,,,,,,,,,,,,,,,,,,,,,,
Sargon II,Hayden Software,"Dan Spracklen, Kathe Spracklen",62.5,4,52.8,7,22.92,16,29.86,17,34.9,8,17.97,14,19.91,18,44.12,5,30.25,12,21.5,21,,,,,12.65,27,,,,,,,,,,,,,,,,,,,,,,,,,,,,,,,,,,,,,,,,,,,,,,,,,,,,,,,,,,,,,,,,,,,,
Sargon III,Hayden Software,"Dan Spracklen, Kathe Spracklen",,,,,,,,,,,,,,,,,,,,,,,,,,,,,,,,,,,,,,,,,,,,,,,,,,,,,,,,,,,,,,,,,,,,,,,,,,,,,,,26.92,22,,,24.64,26,29.75,29,,,,,,,,
Scot Adams Adventures,"Adventure International, Creative Computing Software",uncredited,31.25,24,,,,,,,,,,,,,,,,,,,,,,,,,,,,,,,,,,,,,,,,,,,,,,,,,,,,,,,,,,,,,,,,,,,,,,,,,,,,,,,,,,,,,,,,,,,,
Screen Writer II,On-Line Systems,David Kidwell,,,,,,,,,,,,,,,,,,,,,,,,,,,,,,,,,,,,,,,,,,,,,99.73,3,90.18,5,95.73,5,56.31,6,84.15,5,58.54,7,57.15,9,45.09,10,24.52,14,28.01,16,24.44,15,17.94,26,,,,,,,,,,,,,,,,,,,,,,,,,,
Seafox,Broderbund Software,Ed Hobbs,,,,,,,,,,,,,,,,,,,,,,,,,,,,,,,,,,,,,,,,,,,,,,,,,,,18.29,27,,,,,,,,,,,,,,,,,,,,,,,,,,,,,,,,,,,,,,,,,,
Sensible Speller,Sensible Software,uncredited,,,,,,,,,,,,,,,,,,,,,,,,,,,,,,,,,,,,,,,,,,,,,,,,,,,,,,,,,,,,,,,,,,,,,,,18.99,23,20.9,19,31.83,13,23.93,21,28.74,20,21.36,29,24.4,28,37.56,20,18.69,28,25.51,18,19.31,16,,
Serpentine,Broderbund Software,David Snider,,,,,,,,,,,,,,,,,,,,,,,,,,,,,,,,,,,,,,,,,,,,,,,,,17.04,26,28.88,12,,,18.94,21,30.32,19,,,,,,,,,,,,,,,,,,,,,,,,,,,,,,,,,,,,
Silicon Salad,Beagle Brothers,"Bert Kersey, Mark Simonsen",,,,,,,,,,,,,,,,,,,,,,,,,,,,,,,,,,,,,,,,,,,,,,,,,,,,,,,,,,,,,,,,,,,,,,,,,,,,,,,,,,,,,,,,,21.13,23,,,,
Snack Attack,DataMost,Dan Illowsky,,,,,,,,,,,,,,,,,,,,,,,,,,,,,,,37.23,15,88.78,4,84.86,4,62.06,5,83.21,4,95.11,3,62.5,3,62.86,8,70.35,6,60.44,8,35.62,10,13.46,29,35.12,9,48.09,10,21.61,21,,,,,,,,,,,,,,,,,,,,,,,,,,,,,,,,,,
Sneakers,Sirius Software,Mark Turmell,,,,,,,,,,,,,,,,,,,,,,,,,32.61,9,18.88,7,27.66,5,44.35,8,57.77,9,53.65,12,25.18,24,,,,,,,,,,,,,,,,,,,,,,,,,,,,,,,,,,,,,,,,,,,,,,,,,,,,,,,,
Snoggle,Broderbund Software,Jun Wada,,,,,,,,,,,,,,,,,55.8,4,47.48,5,19.51,16,47.2,9,36.02,7,14.95,12,26.98,7,41.43,12,29.86,26,,,,,,,,,,,,,,,,,,,,,,,,,,,,,,,,,,,,,,,,,,,,,,,,,,,,,,,,,,,,
Snooper Troops I,Spinnaker Software,Tom Snyder,,,,,,,,,,,,,,,,,,,,,,,,,,,,,,,,,,,,,,,,,,,,,,,,,,,,,,,,,,,,,,,,,16.38,27,23.92,17,,,,,,,,,,,,,,,23.22,29,,,,,,,,,,
Sorcerer,Infocom,Steve Meretzky,,,,,,,,,,,,,,,,,,,,,,,,,,,,,,,,,,,,,,,,,,,,,,,,,,,,,,,,,,,,,,,,,,,,,,,,,,,,,,,,,,,,,,,,,,,,,14.21,30
Space Eggs,Sirius Software,Nasir,,,,,,,,,,,,,,,98.55,1,99.56,1,55.24,3,29.38,7,44.93,12,26.28,12,,,,,,,30.63,25,,,,,,,,,,,,,,,,,,,,,,,,,,,,,,,,,,,,,,,,,,,,,,,,,,,,,,,,,,,,
Space Quarks,Broderbund Software,Chris Jochumson,,,,,,,,,,,,,,,,,,,,,,,,,,,,,12.02,29,,,,,,,,,,,,,,,,,,,,,,,,,,,,,,,,,,,,,,,,,,,,,,,,,,,,,,,,,,,,,,,,
Space Raiders,United Software of America,Paul Lutus,,,,,,,,,,,,,,,,,,,25.38,16,,,,,,,,,,,,,,,,,,,,,,,,,,,,,,,,,,,,,,,,,,,,,,,,,,,,,,,,,,,,,,,,,,,,,,,,,,
Space Warrior,Broderbund Software,Marc Goodman,,,,,,,,,,,,,,,,,,,,,,,29.57,22,12.65,27,,,,,,,,,,,,,,,,,,,,,,,,,,,,,,,,,,,,,,,,,,,,,,,,,,,,,,,,,,,,,,,,,,,,
Star Blazer,Broderbund Software,Tony Suzuki,,,,,,,,,,,,,,,,,,,,,,,,,,,,,,,,,,,,,33.73,14,62.9,6,51.37,8,55.06,6,34.08,14,38.48,11,45.02,11,23.1,19,20.68,18,17.56,26,25.79,25,,,,,,,,,,,,,,,,,,,,,,,,,,,,,,,,,,,,
Star Cruiser,Sirius Software,Nasir,,,,,52.39,3,70.05,3,34.9,8,11.59,28,14.01,25,,,,,,,,,,,,,,,,,,,,,,,,,,,,,,,,,,,,,,,,,,,,,,,,,,,,,,,,,,,,,,,,,,,,,,,,,,,,,,,,
Star Thief,Cavalier Computing,Jim Nitchals,,,,,,,,,,,,,,,,,,,,,,,,,17.03,20,,,,,,,,,,,,,,,,,,,,,,,,,,,,,,,,,,,,,,,,,,,,,,,,,,,,,,,,,,,,,,,,,,,,
Star Warrior,Automated Simulations,uncredited,,,,,,,,,,,,,12.17,28,,,,,,,,,,,,,,,,,,,,,,,,,,,,,,,,,,,,,,,,,,,,,,,,,,,,,,,,,,,,,,,,,,,,,,,,,,,,,,,,
Starcross,Infocom,uncredited,,,,,,,,,,,,,,,,,,,,,,,,,,,,,,,,,,,,,,,,,,,,,,,,,,,,,30.3,10,18.94,21,,,,,,,,,,,,,,,,,,,,,,,,,,,,,,,,,,,,,,
Stickybear ABC,Xerox Education Publications,"Jack Rice, Janie Worthington, Richard Hefter, Spencer Howe, Steve Worthington",,,,,,,,,,,,,,,,,,,,,,,,,,,,,,,,,,,,,,,,,,,,,,,,,,,,,,,,,,,,,,,,,,,,,15.11,20,,,,,,,,,,,,,,,,,,,,,,,,
Story Machine,Spinnaker Software,DesignWare,,,,,,,,,,,,,,,,,,,,,,,,,,,,,,,,,,,,,,,,,,,,,,,,,,,,,,,,,,,14.56,29,,,,,,,,,,,,,,,,,,,,,,,,,,,,,,,,,,
Super Disk Copy (III),Sensible Software,Charles Hartley,,,,,,,,,,,,,,,,,,,12.84,30,,,,,,,,,,,,,26.37,28,,,,,,,,,,,,,,,,,,,,,,,,,,,,,,,,,,,,,,,,,,,,,,,,,,,,,,,,,,,,
Super Invader,Creative Computing Software,M. Hata,40.31,16,,,23.52,15,44.98,7,41.66,5,13.48,20,23.23,13,,,,,,,,,,,,,,,,,,,,,,,,,,,,,,,,,,,,,,,,,,,,,,,,,,,,,,,,,,,,,,,,,,,,,,,,,,,,,,,,
Superscribe II,On-Line Systems,David Kidwell,,,,,,,,,,,,,,,,,,,,,,,,,,,,,,,27.84,23,49.24,14,89.74,2,69.25,3,41.8,15,,,,,,,,,,,,,,,,,,,,,,,,,,,,,,,,,,,,,,,,,,,,,,,,,,,,,,
Super-Text 40-56-70,MUSE,Ed Zaron,,,,,,,,,,,,,,,,,,,,,,,,,,,,,,,,,,,,,,,,,,,,,,,,,,,23.1,19,,,,,,,,,,,,,,,,,,,,,,,,,,,,,,,,,,,,,,,,,,
SuperText II,MUSE,Ed Zaron,,,,,14.88,29,,,,,,,,,,,19.09,21,14.03,28,,,,,,,,,,,,,,,,,,,,,24.3,23,,,,,,,,,,,,,,,,,,,,,,,,,,,,,,,,,,,,,,,,,,,,,,,,,,,,
Super-Text Pro,MUSE,Ed Zaron,,,,,,,,,,,,,,,,,,,,,,,,,,,,,,,,,,,,,,,,,,,,,,,,,,,,,,,,,,,,,,,,,19.4,21,,,,,,,,,,,,,,,,,,,,,,,,,,,,
Suspended,Infocom,uncredited,,,,,,,,,,,,,,,,,,,,,,,,,,,,,,,,,,,,,,,,,,,,,,,,,,,,,,,,,,,,,,,,,16.12,28,20.43,21,,,,,,,,,,,,,,,,,,,,,,,,,,
Swashbuckler,DataMost,Paul Stephenson,,,,,,,,,,,,,,,,,,,,,,,,,,,,,,,,,,,,,,,28.91,20,29.16,19,30.65,12,22.63,25,19.05,29,19.47,24,,,,,,,,,,,,,,,,,,,,,,,,,,,,,,,,,,,,,,,,,,,,
Tax Advantage,Continental Software,"Harry Coons, Henry Hilton",,,,,,,,,,,,,,,,,,,,,,,,,,,,,,,,,,,,,,,,,,,,,,,,,,,,,,,,,,,,,,,,,,,,,,,,,,,,,,,,,,,,,,,18.69,28,,,,,,
Tax Preparer,Howard Software,James Howard,,,,,,,,,,,,,,,,,,,,,,,,,,,,,,,,,44.59,17,31.7,22,,,60.55,7,,,,,,,,,,,,,,,,,,,,,,,18.68,26,,,,,,,,,,,,,,,,,,,,,,,,,,,,,,
Taxman,H.A.L. Labs,Brian Fitzgerald,,,,,,,,,,,,,,,,,,,,,,,,,,,,,,,,,,,,,,,,,28.46,20,25.3,16,27.66,21,29.15,17,21.09,21,,,,,,,,,,,,,,,,,,,,,,,,,,,,,,,,,,,,,,,,,,,,
Temple of Apshai,Automated Simulations,uncredited,46.56,9,23.58,16,22.92,16,28.76,18,17.09,25,12.77,23,15.12,23,,,,,,,,,,,,,,,,,,,,,,,,,,,,,,,,,,,,,,,,,,,,,,,,,,,,,,,,,,,,,,,,,,,,,,,,,,,,,,,,
The Arcade Machine,Broderbund Software,"Chris Jochumson, Doug Carlston",,,,,,,,,,,,,,,,,,,,,,,,,,,,,,,,,,,,,,,,,,,,,,,,,15.82,27,45.24,8,56.74,8,28.58,13,38.33,11,35.23,14,,,28.68,15,,,,,,,,,,,,,,,,,,,,,,,,,,,,,,
The Complete Graphics System,Penguin Software,Marc Pelczarski,,,,,,,,,,,,,,,,,,,,,,,25.59,27,13.14,24,,,,,,,,,,,,,,,,,,,,,,,,,,,17.79,21,,,,,,,,,,,,,,,,,,,,,,,,,,,,,,,,,,,,,,,,
The Controller,Apple Computer,uncredited,22.5,29,,,,,,,,,,,,,,,,,,,,,,,,,,,,,,,,,,,,,,,,,,,,,,,,,,,,,,,,,,,,,,,,,,,,,,,,,,,,,,,,,,,,,,,,,,,,
The Incredible Jack,Business Solutions,uncredited,,,,,,,,,,,,,,,,,,,,,,,,,,,,,,,,,,,,,,,,,,,,,,,,,,,,,,,,,,,,,,,,,,,,,,,,,,,,,,,31.33,17,,,,,,,,,,,,,,
The Mask of the Sun,Ultrasoft,"Alan Clark, Chris Anson, Larry Franks, Margaret Anson",,,,,,,,,,,,,,,,,,,,,,,,,,,,,,,,,,,,,,,,,,,,,,,,,,,,,,,24.79,16,23.7,27,15.97,27,22.02,19,,,18.9,23,,,,,,,,,,,,,,,,,,,,,,,,,,,,
The Prisoner,Edu-Ware Services,David Mullich,,,,,,,,,,,,,,,15.47,23,19.09,21,12.84,30,,,,,,,,,,,,,,,,,,,,,,,,,,,,,,,,,,,,,,,,,,,,,,,,,,,,,,,,,,,,,,,,,,,,,,,,,,
The Quest,Penguin Software,"Dallas Snell, Joe Toler, Joel Ellis Rea",,,,,,,,,,,,,,,,,,,,,,,,,,,,,,,,,,,,,,,,,,,,,,,,,,,,,,,,,,,,,,,,,,,,,,,,,,,,,,,28.74,20,,,,,,,,,,,,,,
Threshold,On-Line Systems,"Ken Williams, Warren Schwader",,,,,,,,,,,,,,,,,,,,,,,,,,,,,,,29.13,22,39.6,22,,,,,,,,,,,,,,,,,,,,,,,,,,,,,,,,,,,,,,,,,,,,,,,,,,,,,,,,,,,,
Time Zone,On-Line Systems,"Ken Williams, Roberta Williams",,,,,,,,,,,,,,,,,,,,,,,,,,,,,,,,,,,,,,,24.22,25,,,17.86,23,,,,,,,,,,,,,,,,,,,,,,,,,,,,,,,,,,,,,,,,,,,,,,,,,,
Track Attack,Broderbund Software,Chris Jochumson,,,,,,,,,,,,,,,,,,,,,,,,,,,,,,,,,,,,,30.58,17,23.44,29,,,,,,,,,,,,,,,,,,,,,,,,,,,,,,,,,,,,,,,,,,,,,,,,,,,,,,
Tranquility Base,Stoneware,uncredited,24.06,28,,,,,,,,,,,,,,,,,,,,,,,,,,,,,,,,,,,,,,,,,,,,,,,,,,,,,,,,,,,,,,,,,,,,,,,,,,,,,,,,,,,,,,,,,,,,
Transcend,SSM,uncredited,,,,,,,,,,,,,,,,,,,,,,,,,,,,,,,,,,,,,,,,,,,,,,,21.77,24,27.58,17,19.73,23,13.46,29,23.76,18,,,,,,,,,,,,,,,,,,,,,,,,,,,,,,,,,,,,,,
Transend 2,SSM,"Bob Kniskern, Tim Dygert",,,,,,,,,,,,,,,,,,,,,,,,,,,,,,,,,,,,,,,,,,,,,,,,,,,,,,,,,,,19.73,25,,,,,,,,,,,,,,,,,,,,,,,,,,,,,,,,,,
Tubeway,DataMost,Arthur Van Brink,,,,,,,,,,,,,,,,,,,,,,,,,,,,,,,,,,,,,,,,,,,,,,,,,,,,,,,16.53,30,,,,,,,,,,,,,,,,,,,,,,,,,,,,,,,,,,,,,,
Tuesday Night Football,Shoestring Software,uncredited,28.44,26,,,,,,,,,,,,,,,,,,,,,,,,,,,,,,,,,,,,,,,,,,,,,,,,,,,,,,,,,,,,,,,,,,,,,,,,,,,,,,,,,,,,,,,,,,,,
Twerps,Sirius Software,Dan Thompson,,,,,,,,,,,,,,,,,,,,,,,,,,,,,,,,,,,,,32.83,15,23.44,29,,,,,,,,,,,,,,,,,,,,,,,,,,,,,,,,,,,,,,,,,,,,,,,,,,,,,,
Typing Tutor,Microsoft,Image Producers,51.25,8,25.12,13,22.03,21,,,24.57,18,17.26,15,31.71,9,33.23,12,29.37,14,14.63,27,23.7,11,27.3,26,13.63,23,7.87,28,14.51,22,36.58,17,79.87,6,,,24.28,26,,,18.05,30,,,,,,,,,,,,,,,,,,,,,34.68,12,27.71,13,24.91,16,25.58,14,17.76,27,,,27.1,15,36.32,15,29.51,19,30.44,16,48.58,11,38.62,19,43.62,13,29.56,13,19.31,15,26.85,14
Ultima,California Pacific,Lord British,,,,,,,,,,,,,,,,,,,,,16.79,22,49.48,8,33.1,8,14.95,12,24.94,9,24.92,26,,,33.65,19,,,,,,,,,,,,,15.82,27,,,,,,,,,,,,,,,,,,,,,,,,,,,,,,,,,,,,,,,,,,,,
Ultima II,Sierra On-Line,Lord British,,,,,,,,,,,,,,,,,,,,,,,,,,,,,,,,,,,,,,,,,,,,,,,,,,,,,,,,,71.79,7,52.61,8,26.59,12,37.35,10,19.65,20,33.38,13,11.62,29,,,,,,,,,21.23,26,25.36,24,,,,,,,,,,,,
Utility City,Beagle Brothers,Bert Kersey,,,,,,,,,,,,,,,,,,,,,,,,,,,,,,,,,,,28.77,25,26.08,22,,,,,,,17.32,29,20.21,27,,,,,,,,,,,,,,,,,,,17.94,26,11.16,30,,,,,,,,,,,,,,,,,,,,,,,,
VisiCalc,Personal Software,"Dan Bricklin, Robert Frankston, Software Arts Inc.",94.06,1,99.44,1,97.34,1,98.07,1,69.44,2,68.56,2,88.86,2,79.36,2,95.45,2,84.21,2,46.66,4,87.01,3,92.96,1,95.6,1,99.97,1,97.76,1,213.62,1,185.81,1,112.42,1,201.2,1,171.81,1,133.32,1,173.2,2,150.43,2,150.49,2,171.82,1,152.92,1,116.73,2,119.18,1,131.99,2,130.06,2,114.06,2,98.76,2,83.21,3,70.7,4,97.72,2,98.44,2,67.11,4,80.88,4,51.52,11,28.04,18,30.56,24,,,22.12,25,,,,,14.21,30
VisiCalc: Advanced Version,VisiCorp,"Dan Bricklin, Robert Frankston, Software Arts Inc.",,,,,,,,,,,,,,,,,,,,,,,,,,,,,,,,,,,,,,,,,,,,,,,,,,,,,,,,,,,,,,,,,,,,,,,,,,,,,,,,,,,,,,,43,14,,,,,,
VisiDex,Personal Software,Peter Jennings,,,,,,,,,,,,,,,,,,,,,13.09,29,40.38,17,22.39,17,9.64,25,14.74,21,,,,,,,,,,,,,,,,,,,,,,,,,,,,,,,,,,,,,,,,,,,,,,,,,,,,,,,,,,,,,,,,
VisiFile,Personal Software,"Ben Herman, Colin Jameson, Creative Computer Applications",,,,,,,,,,,,,,,,,,,,,,,,,,,,,,,42.73,9,39.6,22,72.18,6,44.52,11,47.27,11,44.08,10,,,23.19,23,27.99,19,,,25.51,14,26.93,11,,,,,21.14,23,,,,,,,,,,,,,,,,,,,,,,,,,,,,,,,,,,
VisiTrend/VisiPlot,Personal Software,"Micro Finance Systems, Mitch Kapor",,,,,,,,,,,,,,,,,,,,,13.83,27,44.36,14,25.8,13,11.61,18,22.9,12,55.35,6,39.93,21,59.01,10,47.67,9,42.58,14,37.83,13,19.94,19,28.77,20,29.93,16,19.06,25,25.51,14,26.45,13,,,,,,,,,,,,,,,,,,,,,,,,,,,,,,,,,,,,,,,,
Warp Factor,Strategic Simulations,Paul Murray,,,,,,,,,,,,,,,40.11,7,39.65,9,25.98,15,13.83,27,28.44,25,,,,,,,,,,,,,,,,,,,,,,,,,,,,,,,,,,,,,,,,,,,,,,,,,,,,,,,,,,,,,,,,,,,,,,
Wilderness Campaign,Synergistic Software,Bob Clardy,37.81,17,21.53,19,14.29,30,,,,,,,,,,,,,,,,,,,,,,,,,,,,,,,,,,,,,,,,,,,,,,,,,,,,,,,,,,,,,,,,,,,,,,,,,,,,,,,,,,,,,,,,
Wizardry,Sir-tech,"Andrew Greenberg, Robert Woodhead",,,,,,,,,,,,,,,,,,,,,,,,,,,,,23.35,11,35.61,19,45.75,15,76.57,5,95.34,2,71.88,5,80.87,4,60.71,4,87.16,5,94.07,4,98.57,4,64.49,5,58.19,7,63.35,6,99.32,3,75.15,5,45.71,8,71.37,5,53.66,8,69.26,6,30.69,13,39.21,12,28.32,12,25.81,16,40.59,12,81.82,4,44.19,6,60.9,8,43.93,16,40.5,16,37.08,10,23.26,12,19.48,21
Word Handler,Silicon Valley Systems,Leonard Elekman,,,,,,,,,,,,,,,,,,,,,,,,,,,,,,,,,,,,,,,,,,,,,,,20.6,26,15.82,27,43.32,9,22.12,15,50.27,8,34.15,13,,,25.76,13,24.01,21,,,,,,,,,,,23.23,20,,,,,,,,,,,,,,,,,,
Word Juggler IIe,Quark,Tim Gill,,,,,,,,,,,,,,,,,,,,,,,,,,,,,,,,,,,,,,,,,,,,,,,,,,,,,,,,,,,,,,,,,,,,,,,,,,,,,,,,,,,,,44.29,15,25.86,22,33.89,12,25.56,9,,
WordStar,Micro Pro,uncredited,,,,,,,,,,,,,,,,,,,,,,,,,,,,,,,37.55,14,28.69,27,27.31,28,20.24,30,37.5,17,32.28,16,,,30.45,18,23.71,23,25.96,18,,,13.95,27,,,,,21.14,23,17.04,24,18.68,26,,,,,20.69,16,21.75,21,26.97,14,24.09,19,,,,,,,,,,,,,,,,,,
Zaxxon,DataSoft,John Garcia,,,,,,,,,,,,,,,,,,,,,,,,,,,,,,,,,,,,,,,,,,,,,,,,,,,,,,,,,,,,,,,,,,,,,97.68,2,89.45,4,71.82,6,56.35,10,37.6,14,51,12,42.59,8,44.07,12,43.23,17,47.67,11,,,,,,
Zoom Grafix,Phoenix Software,Dav Holle,,,,,,,,,,,,,,,,,,,,,,,,,,,,,,,,,,,,,22.93,27,,,37.83,13,15.77,28,,,,,,,16.36,30,,,,,,,,,,,,,,,,,,,,,,,18.06,27,,,,,,,,,32.24,24,,,,,18.95,17,,
Zork,Personal Software,Infocom,,,,,,,,,,,,,,,60.16,4,31.72,11,37.92,10,17.04,21,,,,,,,,,,,,,,,,,,,,,,,,,,,,,,,19.24,20,18.25,23,30.32,20,21.61,21,20.78,21,26.68,19,14.61,30,,,13.72,23,18.38,24,17.53,21,21.94,21,17.94,28,24.08,24,32.71,12,38.15,19,33.66,22,48.29,10,27.11,15,18.17,21,18.43,23
Zork II,Infocom,uncredited,,,,,,,,,,,,,,,,,,,,,,,,,,,,,,,,,,,24.39,30,,,,,,,16.39,27,,,,,,,,,13.95,27,,,20.91,28,,,13.71,27,,,,,,,,,,,,,,,,,,,28.04,19,33.88,21,,,,,,,,,,
Zork III,Infocom,uncredited,,,,,,,,,,,,,,,,,,,,,,,,,,,,,,,,,,,,,,,,,,,,,,,,,,,,,,,19.63,20,19.51,30,,,,,,,,,,,,,,,,,,,,,,,27.5,21,32.22,23,,,,,,,,,,
